ID,国語,数学,英語,理科,社会,音楽,体育,技術家庭
10001,75,55,72,48,74,39,62,37
10002,74,35,56,86,72,56,89,59
10003,80,50,68,59,56,47,55,46
10004,90,2,69,35,66,47,98,43
10005,70,34,64,34,72,65,53,62
10006,79,58,45,58,75,25,74,69
10007,60,41,59,64,76,49,62,61
10008,67,65,69,71,55,57,80,74
10009,68,40,77,53,70,62,74,67
10010,71,91,69,31,68,74,69,37
10011,74,21,77,53,56,50,65,55
10012,65,44,77,49,72,46,68,68
10013,72,44,60,39,58,42,49,25
10014,66,41,55,33,73,27,78,58
10015,83,37,45,77,61,27,79,65
10016,67,89,83,39,72,54,42,55
10017,62,36,36,45,79,32,72,32
10018,74,76,62,54,84,61,68,42
10019,62,57,55,34,70,53,68,55
10020,65,57,70,64,74,48,77,63
10021,78,47,52,61,68,28,52,47
10022,61,40,53,65,62,49,67,57
10023,70,65,69,65,66,56,74,50
10024,64,83,61,35,80,37,57,55
10025,84,44,57,32,77,16,65,63
10026,71,51,57,44,73,57,53,66
10027,76,63,70,54,65,48,68,57
10028,63,45,54,31,74,36,62,69
10029,66,45,73,43,62,38,72,65
10030,85,42,77,62,69,47,61,25
10031,75,61,66,57,79,65,85,66
10032,59,34,64,69,61,55,46,27
10033,66,64,73,34,73,26,70,64
10034,76,62,63,55,81,50,61,58
10035,71,45,88,50,73,53,66,41
10036,73,43,47,39,57,52,75,51
10037,63,50,56,47,79,34,64,40
10038,62,13,47,45,78,52,75,54
10039,82,47,41,37,65,72,66,52
10040,68,34,52,51,81,37,86,31
10041,78,16,71,55,77,49,67,80
10042,54,27,54,41,58,53,45,40
10043,71,49,73,63,71,34,43,51
10044,70,56,66,66,69,29,54,32
10045,71,60,67,25,97,29,63,49
10046,58,51,78,56,56,48,67,63
10047,72,87,70,57,72,46,76,27
10048,78,70,50,44,73,88,47,67
10049,80,60,67,52,69,86,66,24
10050,67,14,78,56,67,72,52,58
10051,71,18,75,45,60,43,82,68
10052,62,38,73,57,68,65,73,54
10053,58,24,63,39,67,56,68,42
10054,76,52,81,33,70,48,67,74
10055,82,49,59,55,59,23,60,59
10056,67,58,49,60,67,71,56,55
10057,66,54,72,33,68,61,54,83
10058,71,43,55,56,75,64,47,62
10059,64,57,42,62,64,65,51,59
10060,75,35,43,30,67,43,49,72
10061,74,22,60,64,67,37,71,77
10062,75,50,58,50,61,70,61,36
10063,66,73,62,53,75,49,61,70
10064,68,43,62,64,62,39,88,40
10065,64,30,55,41,71,52,55,21
10066,72,41,73,60,73,54,73,58
10067,53,54,68,58,71,49,63,69
10068,71,57,64,39,64,43,66,63
10069,86,30,62,62,66,33,71,75
10070,78,54,64,61,67,51,62,47
10071,65,16,45,56,84,37,70,70
10072,75,54,65,60,69,43,88,53
10073,64,60,53,68,74,39,60,47
10074,83,41,57,64,86,29,78,45
10075,65,65,53,49,64,36,76,28
10076,78,42,93,50,59,44,53,39
10077,57,56,55,53,60,46,98,33
10078,68,21,61,59,65,45,71,64
10079,74,41,56,55,65,30,60,65
10080,71,82,44,49,56,62,85,52
10081,68,24,48,10,73,51,61,38
10082,45,60,57,40,69,40,62,50
10083,68,30,60,50,61,45,46,73
10084,57,21,71,50,66,66,86,57
10085,70,83,65,61,67,51,76,68
10086,83,18,62,68,58,46,87,47
10087,78,6,55,62,65,40,62,77
10088,66,50,60,54,80,57,60,35
10089,82,48,52,28,77,90,75,52
10090,64,42,57,44,61,34,57,37
10091,64,50,67,68,81,49,89,49
10092,87,53,53,50,65,30,49,30
10093,68,38,78,70,80,47,47,40
10094,75,59,85,57,64,42,90,62
10095,73,52,81,71,68,59,79,62
10096,70,28,58,64,83,40,60,67
10097,66,68,74,58,76,29,58,73
10098,59,49,66,34,65,55,73,61
10099,60,43,55,41,71,39,89,63
10100,75,39,68,44,57,52,58,66
10101,82,12,76,65,68,29,77,27
10102,76,43,59,79,74,46,74,66
10103,66,55,76,61,65,83,61,57
10104,60,51,68,53,70,44,82,69
10105,72,25,72,51,78,56,64,66
10106,75,68,44,46,74,51,63,65
10107,68,53,71,50,62,70,75,40
10108,81,35,71,30,69,47,63,64
10109,72,37,50,37,85,65,73,42
10110,73,35,56,69,61,44,74,39
10111,69,41,48,60,60,30,69,52
10112,73,63,74,57,55,18,63,77
10113,59,44,67,40,67,41,92,49
10114,74,32,61,64,74,17,73,33
10115,77,46,66,49,57,57,71,58
10116,52,70,68,31,74,52,81,61
10117,68,49,70,33,74,45,61,44
10118,62,38,45,43,72,56,67,58
10119,62,33,71,56,63,72,51,55
10120,72,30,61,47,58,52,59,40
10121,72,50,62,59,61,34,69,59
10122,58,40,55,30,69,18,71,57
10123,69,29,74,48,65,62,71,100
10124,40,65,42,42,56,38,68,38
10125,70,38,64,51,76,37,73,81
10126,60,47,71,38,72,50,56,51
10127,72,42,50,67,63,55,58,75
10128,74,53,54,34,58,22,39,52
10129,81,51,65,46,71,74,63,44
10130,64,41,51,59,67,46,53,64
10131,69,29,70,50,66,53,57,52
10132,66,38,91,57,65,65,67,24
10133,70,37,60,39,73,28,76,44
10134,71,50,64,35,72,45,70,47
10135,79,44,54,53,73,63,42,65
10136,68,51,86,53,69,65,39,64
10137,77,43,56,59,66,62,70,75
10138,80,47,51,41,79,44,68,49
10139,85,54,48,48,64,52,79,39
10140,63,59,57,46,70,48,53,49
10141,71,65,48,45,66,64,76,68
10142,76,78,62,45,69,65,56,60
10143,70,66,64,52,60,82,66,43
10144,73,55,81,67,63,64,52,51
10145,67,22,62,49,71,39,57,59
10146,73,55,66,46,75,56,75,79
10147,70,49,69,58,59,36,57,81
10148,64,0,55,31,63,44,66,28
10149,83,59,65,39,68,65,70,64
10150,79,27,57,42,74,48,83,30
10151,78,81,77,42,70,41,76,48
10152,56,63,75,40,65,60,44,34
10153,77,36,74,50,69,38,55,62
10154,72,70,55,55,72,65,69,54
10155,60,9,64,48,69,52,78,40
10156,77,47,72,36,60,29,60,63
10157,75,41,62,43,82,63,64,32
10158,70,68,65,55,47,54,46,68
10159,63,50,52,61,73,69,66,58
10160,66,66,71,75,58,52,56,36
10161,79,46,89,42,74,26,79,40
10162,70,64,63,62,68,37,49,66
10163,76,1,54,56,65,45,65,55
10164,71,44,70,28,72,63,70,77
10165,70,100,62,29,63,51,74,54
10166,76,44,72,51,68,62,63,28
10167,63,35,64,36,67,34,70,56
10168,80,64,48,47,78,72,58,36
10169,72,72,43,33,71,49,69,57
10170,66,60,65,25,77,35,54,56
10171,71,41,58,44,65,58,84,58
10172,67,31,51,39,70,48,69,71
10173,66,40,82,38,73,45,75,44
10174,67,43,59,43,63,35,46,70
10175,71,63,46,52,84,59,61,48
10176,62,83,75,48,81,61,77,53
10177,67,40,63,60,70,47,79,66
10178,81,35,57,38,79,65,69,44
10179,67,69,48,42,69,60,78,68
10180,71,73,70,56,70,61,60,55
10181,65,25,58,43,76,79,63,77
10182,72,43,77,43,60,32,43,30
10183,60,44,80,40,62,38,75,38
10184,77,67,63,50,58,35,73,54
10185,87,75,80,46,76,51,81,58
10186,73,57,67,40,72,44,74,40
10187,68,29,50,64,69,59,38,80
10188,59,40,64,19,66,44,59,48
10189,64,42,48,45,67,51,44,49
10190,72,61,52,57,69,23,62,57
10191,78,24,46,29,63,48,76,44
10192,71,46,68,54,59,47,61,65
10193,91,44,72,27,55,44,76,61
10194,77,44,61,65,84,72,50,53
10195,62,15,71,54,57,28,70,54
10196,73,34,63,36,56,57,62,64
10197,68,23,76,52,74,42,67,50
10198,77,27,76,66,65,55,59,76
10199,79,70,51,59,62,49,68,49
10200,75,77,67,34,67,24,70,47
10201,67,74,77,34,73,28,54,75
10202,69,59,75,63,84,42,62,48
10203,65,13,58,48,75,37,66,66
10204,76,43,61,47,69,18,65,58
10205,66,64,73,47,77,58,59,64
10206,59,66,54,65,76,62,56,77
10207,69,41,75,45,66,26,50,66
10208,83,23,61,30,74,36,60,47
10209,62,45,59,60,66,52,62,44
10210,76,65,52,45,70,71,71,75
10211,82,40,64,56,65,37,45,54
10212,81,31,72,45,71,60,76,76
10213,63,52,57,38,61,48,74,56
10214,63,64,61,37,74,61,75,52
10215,78,52,76,43,79,30,55,39
10216,67,43,65,81,67,62,44,70
10217,67,14,49,58,75,46,57,56
10218,75,57,38,44,67,36,76,50
10219,72,29,54,62,100,24,88,38
10220,66,33,73,45,65,70,76,42
10221,81,54,54,38,87,43,67,80
10222,85,38,78,48,75,54,50,53
10223,70,52,65,55,74,29,80,59
10224,82,59,58,46,79,50,83,76
10225,60,33,68,55,85,42,69,46
10226,67,21,65,61,71,40,61,64
10227,78,53,57,46,81,88,66,62
10228,86,67,75,38,56,49,52,52
10229,75,42,70,43,63,50,52,45
10230,78,50,72,49,61,45,46,67
10231,73,54,63,43,76,46,60,60
10232,68,46,48,39,71,37,84,58
10233,77,35,31,48,69,54,63,41
10234,67,50,53,63,55,36,69,76
10235,69,86,50,53,64,59,56,63
10236,65,53,61,65,84,58,36,41
10237,57,68,67,71,77,29,56,31
10238,73,38,68,38,61,85,75,52
10239,56,27,75,24,95,41,49,48
10240,66,33,66,44,69,38,83,69
10241,87,31,69,54,68,42,68,51
10242,77,54,58,46,77,18,62,60
10243,62,46,63,52,49,55,62,78
10244,76,37,40,38,73,32,57,55
10245,78,63,48,61,64,46,74,37
10246,65,42,41,45,70,49,63,89
10247,80,51,78,59,70,40,54,67
10248,64,41,66,51,81,44,48,43
10249,75,47,81,62,57,59,74,69
10250,63,58,50,67,81,46,74,74
10251,78,43,78,65,66,33,83,76
10252,72,49,74,45,79,63,50,38
10253,81,46,50,35,85,26,81,55
10254,59,52,60,68,56,57,49,75
10255,87,44,54,58,75,50,63,72
10256,79,44,70,53,59,47,63,74
10257,80,45,59,34,61,34,60,33
10258,85,36,64,25,82,60,78,45
10259,82,68,74,65,66,66,77,75
10260,56,64,50,42,45,43,57,62
10261,77,44,66,67,67,35,70,71
10262,55,59,66,51,72,34,64,32
10263,76,75,61,62,72,26,88,29
10264,59,70,49,87,70,45,53,53
10265,68,77,66,32,66,52,52,58
10266,68,69,56,41,77,49,67,39
10267,70,53,73,52,78,41,71,39
10268,64,64,66,54,82,33,76,82
10269,74,37,53,73,68,60,49,43
10270,76,42,54,42,75,43,72,53
10271,60,72,71,44,58,59,60,66
10272,66,63,70,24,66,45,64,46
10273,75,63,68,50,71,51,72,59
10274,70,35,63,53,78,31,88,64
10275,59,47,73,37,55,65,68,59
10276,74,29,57,55,67,54,67,77
10277,70,35,55,46,79,53,64,45
10278,72,46,66,58,84,30,67,52
10279,71,43,83,50,65,58,35,46
10280,68,40,56,47,70,51,52,59
10281,74,58,44,70,65,39,52,63
10282,61,33,82,41,63,27,52,43
10283,64,74,57,58,78,48,75,48
10284,95,37,58,52,72,72,53,51
10285,87,45,77,38,83,29,72,64
10286,74,42,79,45,65,60,57,58
10287,82,43,51,57,79,29,60,61
10288,64,50,45,46,61,36,75,49
10289,63,52,61,32,72,69,60,60
10290,57,30,67,42,74,47,61,47
10291,73,56,55,38,61,50,66,56
10292,79,56,66,34,76,53,79,87
10293,63,43,68,44,85,47,62,19
10294,74,31,68,37,86,69,71,57
10295,74,29,50,11,82,52,73,60
10296,78,87,56,52,70,19,50,47
10297,71,53,74,43,75,43,82,57
10298,77,73,52,48,68,72,82,43
10299,64,69,53,42,59,60,65,47
10300,72,29,56,53,73,40,62,34
10301,91,30,66,35,68,40,47,46
10302,76,60,51,54,63,26,64,48
10303,59,53,53,44,88,46,58,42
10304,64,28,57,49,74,72,56,56
10305,61,40,58,51,78,56,69,70
10306,76,17,58,33,61,42,57,46
10307,67,37,70,51,63,64,78,51
10308,73,46,62,16,68,42,60,33
10309,71,22,51,59,80,41,61,75
10310,66,50,57,48,69,73,63,66
10311,86,63,43,63,74,28,69,55
10312,69,52,55,80,73,34,73,64
10313,76,83,68,46,79,84,43,63
10314,63,45,71,90,70,63,66,46
10315,78,59,44,32,60,30,85,48
10316,66,52,66,54,71,44,63,58
10317,75,21,60,41,69,62,73,75
10318,72,26,56,33,65,21,78,29
10319,80,53,54,65,47,68,74,67
10320,81,46,54,54,88,87,75,41
10321,73,45,63,57,74,61,83,56
10322,74,72,72,46,63,58,63,65
10323,73,45,99,37,76,50,75,17
10324,73,67,59,66,73,66,61,43
10325,69,31,63,52,67,68,63,39
10326,83,55,65,44,76,50,54,50
10327,70,48,69,62,55,57,68,72
10328,76,81,61,32,67,35,77,54
10329,58,53,73,57,56,78,64,51
10330,67,72,71,53,56,59,66,76
10331,84,20,69,55,63,41,44,50
10332,59,65,56,66,66,66,76,66
10333,66,45,54,52,66,58,48,78
10334,70,47,72,48,58,57,59,72
10335,83,79,60,42,67,39,65,68
10336,65,62,36,62,72,35,73,73
10337,75,46,56,33,79,38,43,60
10338,68,67,55,62,71,55,73,42
10339,64,53,67,53,90,41,65,62
10340,73,47,61,61,68,64,54,88
10341,58,81,57,24,85,46,72,51
10342,59,60,68,88,79,59,66,81
10343,65,67,73,13,90,48,69,65
10344,58,0,77,43,62,46,58,76
10345,50,52,64,27,70,45,58,77
10346,74,53,63,54,72,51,71,65
10347,63,49,55,43,63,27,82,28
10348,70,64,59,44,70,60,56,44
10349,73,56,62,36,47,45,80,69
10350,76,40,74,59,70,46,76,55
10351,59,61,60,53,72,66,85,43
10352,74,44,45,37,66,32,65,28
10353,62,82,64,44,57,84,69,43
10354,73,74,71,65,75,15,65,63
10355,71,50,56,43,69,36,89,78
10356,79,69,68,21,80,66,93,31
10357,74,21,54,33,66,48,68,35
10358,65,71,64,48,62,60,47,50
10359,57,56,74,35,79,46,49,41
10360,69,39,59,51,86,53,74,49
10361,81,43,55,41,78,61,50,56
10362,68,54,42,57,74,59,81,57
10363,79,44,66,43,70,45,69,71
10364,65,45,52,67,69,40,55,46
10365,81,40,62,57,72,53,53,57
10366,74,37,74,60,58,77,76,78
10367,69,43,65,63,59,84,63,55
10368,72,60,56,38,59,47,58,64
10369,75,34,74,61,71,52,55,79
10370,78,70,61,68,88,60,67,60
10371,79,45,62,59,74,53,68,67
10372,79,58,72,87,73,49,58,47
10373,57,64,48,69,79,24,64,55
10374,62,11,81,73,67,49,49,59
10375,80,59,55,31,83,55,63,60
10376,61,65,51,55,54,48,75,64
10377,62,47,61,43,63,43,72,63
10378,75,74,70,62,74,31,63,70
10379,84,53,79,59,63,51,70,55
10380,65,81,76,56,66,58,72,39
10381,81,68,63,54,57,36,66,66
10382,60,12,72,41,65,30,76,16
10383,73,31,61,57,81,54,90,54
10384,70,47,56,31,65,50,59,56
10385,81,47,66,40,65,53,64,62
10386,70,47,58,40,78,52,83,50
10387,54,47,90,39,71,47,92,55
10388,74,40,76,37,83,36,68,59
10389,60,66,52,50,69,65,61,48
10390,71,51,61,35,72,46,54,66
10391,64,54,55,41,66,54,71,62
10392,66,19,70,29,58,85,73,41
10393,66,28,73,50,66,62,69,44
10394,74,51,62,42,79,36,68,55
10395,77,53,70,42,68,39,78,51
10396,80,49,70,100,65,28,75,38
10397,69,29,46,36,60,36,59,75
10398,85,48,66,58,73,31,82,49
10399,66,34,57,29,64,23,54,44
10400,71,46,76,72,59,69,67,50
10401,80,65,40,67,73,42,70,42
10402,67,48,57,49,55,36,81,84
10403,77,55,44,50,65,100,48,42
10404,79,28,72,49,64,38,47,68
10405,72,48,67,39,53,29,83,77
10406,79,21,59,46,64,46,83,79
10407,73,96,49,45,70,71,48,66
10408,73,48,56,64,71,49,73,66
10409,71,50,71,38,65,51,85,60
10410,85,31,79,40,70,38,55,52
10411,67,73,66,58,71,53,60,42
10412,73,26,65,62,40,40,73,71
10413,67,76,58,73,63,37,61,70
10414,78,31,52,73,71,49,47,50
10415,60,66,70,58,61,33,79,78
10416,77,84,76,35,78,81,54,49
10417,73,65,60,69,66,55,61,57
10418,75,5,63,43,77,43,51,66
10419,76,44,58,36,64,30,85,61
10420,53,38,72,27,65,31,71,46
10421,69,63,68,36,68,44,79,42
10422,65,79,76,24,76,43,76,34
10423,64,26,62,52,80,60,63,62
10424,65,18,67,49,67,4,69,58
10425,85,57,48,33,74,45,65,40
10426,70,65,52,79,67,51,69,68
10427,67,60,73,59,93,58,60,31
10428,65,47,44,51,78,49,67,87
10429,54,50,84,37,71,35,76,25
10430,60,45,60,50,76,69,89,57
10431,70,31,64,20,85,54,63,58
10432,70,21,60,29,68,41,68,47
10433,70,20,47,52,76,53,77,48
10434,78,55,69,51,62,45,56,69
10435,74,26,56,64,73,46,86,56
10436,81,61,71,72,85,53,67,38
10437,59,13,49,46,81,27,74,60
10438,74,64,63,30,75,31,76,57
10439,62,30,56,19,58,56,61,55
10440,74,48,65,73,66,65,63,64
10441,56,28,57,14,73,35,78,67
10442,69,64,51,52,71,60,81,68
10443,75,81,48,40,69,76,79,58
10444,56,55,44,60,64,46,63,59
10445,80,46,54,70,59,54,72,38
10446,70,33,70,53,69,55,50,77
10447,69,71,73,63,78,52,70,60
10448,64,63,71,70,55,30,52,57
10449,63,73,59,51,79,46,73,56
10450,74,50,49,22,65,62,45,33
10451,68,29,67,54,77,37,47,46
10452,81,47,48,60,80,63,61,54
10453,81,37,61,62,81,36,71,48
10454,76,48,59,34,62,56,72,51
10455,76,56,80,36,67,48,61,74
10456,65,31,54,39,63,65,68,54
10457,62,30,61,76,65,48,96,34
10458,55,41,68,48,66,21,65,69
10459,82,46,46,65,63,29,54,30
10460,88,28,50,44,74,59,73,64
10461,73,41,51,44,72,42,63,89
10462,62,28,49,52,62,16,55,49
10463,56,35,46,58,53,53,67,43
10464,65,64,69,58,76,63,79,35
10465,68,36,66,12,70,47,72,70
10466,80,70,68,47,60,43,38,49
10467,75,29,57,48,57,91,95,39
10468,80,36,66,68,54,51,73,46
10469,68,47,53,28,69,57,61,43
10470,72,43,56,45,75,49,61,69
10471,63,18,70,45,80,56,58,50
10472,73,49,52,42,68,47,58,68
10473,67,65,64,65,75,71,54,76
10474,53,22,62,36,70,33,72,61
10475,61,41,55,49,84,45,83,40
10476,68,45,47,21,62,71,62,53
10477,68,58,62,68,74,52,58,72
10478,60,46,56,19,81,56,94,48
10479,67,65,63,70,67,36,66,74
10480,81,56,66,63,82,75,63,67
10481,66,59,82,48,72,62,81,48
10482,68,27,69,49,85,34,80,81
10483,65,42,77,64,61,38,74,62
10484,73,21,53,46,86,78,70,63
10485,85,50,58,50,76,59,75,60
10486,78,29,66,27,64,46,65,43
10487,76,27,56,41,65,68,64,31
10488,67,78,58,70,83,16,61,26
10489,78,28,43,33,49,41,53,63
10490,71,39,58,50,70,29,70,29
10491,76,76,54,44,62,34,78,65
10492,55,37,60,62,75,39,50,19
10493,70,60,93,46,69,47,71,61
10494,80,25,67,55,76,18,64,47
10495,78,57,85,50,62,32,64,55
10496,82,47,66,54,67,45,65,54
10497,76,55,68,56,76,72,38,56
10498,65,48,71,34,67,77,64,77
10499,74,18,57,34,72,56,42,75
10500,69,58,54,57,72,59,64,55
10501,66,19,46,60,53,22,60,55
10502,62,24,70,14,77,48,67,52
10503,67,29,41,61,68,32,61,44
10504,66,58,55,81,65,36,50,63
10505,71,50,45,68,72,76,73,38
10506,67,87,65,41,84,37,55,45
10507,60,68,59,31,63,19,59,63
10508,64,51,50,37,61,51,60,49
10509,65,86,59,60,61,45,58,56
10510,63,53,53,54,68,76,52,78
10511,75,45,69,51,78,48,86,52
10512,58,70,56,39,70,36,80,43
10513,65,68,56,29,74,39,55,54
10514,76,35,62,49,75,37,82,50
10515,71,44,56,59,63,43,56,40
10516,58,28,44,66,45,57,42,86
10517,56,43,53,70,89,56,63,63
10518,74,31,64,66,63,15,75,62
10519,71,40,59,35,73,44,61,68
10520,69,34,65,42,65,43,43,62
10521,88,75,54,61,72,29,71,49
10522,82,44,52,67,72,53,68,48
10523,80,60,59,64,70,56,30,48
10524,62,80,69,44,64,59,66,60
10525,83,77,56,57,58,37,62,53
10526,84,66,51,66,78,68,69,51
10527,83,49,54,50,60,40,75,59
10528,62,69,60,60,59,45,80,52
10529,76,49,70,39,74,54,87,64
10530,63,38,55,67,64,60,45,45
10531,73,44,55,43,64,62,49,40
10532,68,49,54,45,63,45,61,82
10533,79,70,49,38,54,45,64,54
10534,67,29,43,34,70,22,61,37
10535,84,48,71,31,67,40,79,31
10536,62,44,65,53,73,70,69,53
10537,71,35,48,35,83,45,57,56
10538,66,42,61,30,65,24,68,39
10539,70,49,57,36,81,26,54,45
10540,70,65,48,39,74,37,60,66
10541,72,54,65,44,66,32,41,49
10542,67,56,55,87,70,77,70,60
10543,62,65,60,88,75,50,73,70
10544,75,48,76,41,71,33,47,76
10545,70,56,57,45,59,36,63,36
10546,70,37,69,58,58,19,57,44
10547,66,52,71,48,81,26,83,43
10548,77,47,73,79,61,42,69,64
10549,77,56,62,75,74,54,59,53
10550,72,46,52,22,85,44,79,51
10551,84,49,71,44,59,49,74,56
10552,78,54,67,40,72,43,60,38
10553,90,44,82,42,61,71,59,68
10554,81,58,61,51,69,71,59,62
10555,77,47,60,42,72,65,57,71
10556,63,54,63,65,65,63,73,50
10557,78,50,30,55,82,41,75,49
10558,66,63,60,65,72,39,74,76
10559,75,37,61,30,69,56,52,68
10560,67,76,78,33,52,71,47,70
10561,71,69,69,32,69,45,62,31
10562,72,38,49,49,80,34,47,61
10563,70,34,42,49,62,44,65,39
10564,68,34,62,44,77,48,59,35
10565,71,70,58,18,73,48,34,52
10566,57,57,64,40,64,42,81,76
10567,76,61,73,42,65,82,69,45
10568,78,58,68,55,74,30,71,88
10569,62,33,32,60,57,25,83,47
10570,67,61,77,40,64,21,79,63
10571,71,61,41,43,67,36,57,39
10572,68,63,54,34,68,46,72,67
10573,62,71,63,42,84,61,56,72
10574,64,68,63,30,66,53,66,64
10575,61,61,63,44,82,28,64,58
10576,62,56,45,30,59,72,78,67
10577,52,36,60,36,80,54,74,49
10578,60,58,54,24,75,36,43,79
10579,82,49,68,20,54,30,75,58
10580,58,90,52,42,85,73,52,45
10581,59,63,65,51,84,57,75,44
10582,72,64,53,20,80,79,58,42
10583,74,62,49,27,67,30,84,66
10584,61,91,55,53,79,59,74,55
10585,64,57,66,55,65,53,65,45
10586,78,45,69,65,55,43,48,60
10587,80,88,63,53,75,60,87,50
10588,63,51,54,51,56,48,60,77
10589,78,67,72,37,66,24,55,41
10590,65,41,49,68,69,32,62,28
10591,74,54,71,26,75,47,61,54
10592,68,46,46,39,67,39,74,72
10593,67,57,73,35,64,65,59,76
10594,85,43,67,57,68,53,55,76
10595,81,12,78,36,77,43,57,61
10596,86,32,73,33,53,49,58,62
10597,63,41,59,38,68,58,56,31
10598,76,50,64,64,74,46,69,37
10599,91,53,68,44,68,62,53,50
10600,69,26,35,62,51,50,71,49
10601,69,33,84,65,74,39,61,51
10602,81,13,75,64,77,37,65,53
10603,66,38,65,41,63,70,67,47
10604,71,60,73,51,60,52,64,62
10605,75,65,49,19,72,51,66,49
10606,73,78,72,54,61,63,95,77
10607,68,52,62,38,67,54,78,47
10608,100,19,58,49,63,82,71,77
10609,62,37,64,67,59,62,67,56
10610,66,56,57,54,61,37,64,70
10611,62,58,59,31,84,54,59,66
10612,86,55,72,68,60,40,75,64
10613,69,43,68,66,74,54,79,13
10614,60,40,54,41,58,59,43,38
10615,64,44,60,58,66,55,67,58
10616,69,59,71,57,77,41,82,62
10617,65,84,54,33,69,39,71,76
10618,64,43,47,65,66,30,69,52
10619,58,35,69,55,80,10,67,44
10620,79,32,75,43,65,37,64,75
10621,67,58,53,41,53,45,71,56
10622,67,69,75,35,66,49,88,45
10623,71,55,65,25,69,48,39,65
10624,68,50,70,35,89,48,68,84
10625,79,55,54,56,78,50,77,28
10626,68,51,69,48,93,37,65,46
10627,85,38,64,41,66,63,67,58
10628,74,57,59,40,84,54,75,52
10629,69,41,60,47,71,39,81,76
10630,65,23,57,32,73,50,83,69
10631,76,43,68,39,65,19,78,73
10632,72,72,69,38,70,53,71,86
10633,71,57,65,43,72,56,75,70
10634,56,46,51,77,63,47,68,29
10635,71,66,47,60,72,42,66,56
10636,71,44,66,59,62,18,51,66
10637,79,45,30,49,79,64,78,63
10638,73,47,52,41,66,39,62,58
10639,66,50,56,41,77,55,63,51
10640,59,45,57,54,82,47,73,74
10641,75,66,54,51,55,31,62,34
10642,65,35,57,38,66,61,49,75
10643,85,65,49,29,64,55,54,55
10644,70,37,57,51,82,51,64,63
10645,66,56,63,48,64,46,55,40
10646,69,57,52,36,43,57,65,59
10647,87,47,57,66,68,44,73,46
10648,72,37,53,38,69,32,85,74
10649,66,33,80,51,80,0,60,89
10650,78,77,45,69,59,53,71,54
10651,70,59,72,75,81,34,68,43
10652,72,48,62,60,72,3,62,48
10653,85,33,68,45,82,41,58,58
10654,63,5,48,74,63,53,62,46
10655,73,51,98,34,62,48,69,72
10656,70,19,75,83,56,22,64,61
10657,83,49,51,68,71,49,73,41
10658,72,38,71,54,70,12,59,62
10659,62,41,44,47,65,47,90,59
10660,65,53,59,51,62,69,82,47
10661,55,2,58,50,52,56,75,62
10662,75,42,45,41,74,50,69,79
10663,66,33,42,64,71,23,59,38
10664,61,41,74,58,84,51,78,51
10665,72,31,68,57,59,68,82,65
10666,68,50,76,25,57,40,72,17
10667,70,39,76,47,85,46,66,67
10668,73,74,40,48,63,64,57,51
10669,70,30,79,62,77,40,75,60
10670,80,45,71,35,69,45,71,65
10671,64,48,64,26,68,55,72,52
10672,65,60,46,59,76,25,60,68
10673,74,60,71,39,70,50,63,63
10674,67,64,61,25,65,13,66,59
10675,81,63,81,42,75,36,63,52
10676,60,25,68,64,63,35,69,10
10677,71,59,67,21,68,48,66,68
10678,78,62,64,34,74,57,77,51
10679,57,40,71,38,78,69,66,74
10680,61,52,73,61,85,65,62,52
10681,82,55,62,65,66,37,70,85
10682,49,42,61,43,73,57,68,32
10683,77,48,56,57,67,67,57,33
10684,76,42,69,56,76,56,60,57
10685,66,39,69,59,63,62,70,66
10686,64,47,68,66,65,34,80,85
10687,65,62,72,50,46,33,91,86
10688,61,54,64,27,75,50,63,64
10689,67,37,67,37,79,55,69,56
10690,74,49,82,44,63,39,63,56
10691,72,33,79,53,44,27,48,49
10692,71,40,71,49,83,51,65,70
10693,56,41,83,65,67,37,69,72
10694,79,35,47,61,69,69,59,56
10695,74,34,83,25,81,47,75,55
10696,71,11,67,74,64,27,79,66
10697,82,62,60,63,67,54,68,33
10698,76,31,53,69,74,28,71,45
10699,55,45,48,50,57,38,58,48
10700,79,37,58,56,75,77,87,60
10701,76,46,54,61,63,53,48,45
10702,56,54,63,60,76,42,59,80
10703,73,29,58,52,71,36,69,46
10704,86,57,71,58,66,70,58,49
10705,78,48,54,50,85,55,62,64
10706,83,50,60,72,78,49,57,45
10707,77,66,76,55,82,33,88,56
10708,79,32,53,57,72,45,41,80
10709,58,48,58,70,71,48,65,42
10710,65,48,53,58,69,66,52,33
10711,77,59,79,65,75,41,66,41
10712,69,17,63,40,69,53,60,70
10713,75,47,61,29,73,37,68,52
10714,72,45,63,52,82,50,74,67
10715,66,57,36,52,80,43,57,66
10716,62,81,66,54,92,45,56,69
10717,74,18,78,50,69,55,72,57
10718,63,28,60,53,66,61,80,50
10719,68,31,66,55,77,71,53,58
10720,63,74,49,32,74,41,67,48
10721,67,41,61,24,53,60,34,62
10722,74,52,71,49,60,4,58,32
10723,66,67,45,61,58,45,57,51
10724,60,72,78,45,60,32,68,76
10725,71,49,70,41,62,29,67,56
10726,73,42,86,75,78,54,82,47
10727,83,26,62,51,69,27,68,69
10728,71,58,66,38,65,63,71,59
10729,65,49,42,41,78,49,60,55
10730,75,65,80,45,52,37,74,79
10731,66,48,91,55,65,52,44,63
10732,72,52,45,40,75,28,64,81
10733,66,12,73,56,70,66,48,39
10734,71,56,55,53,73,27,47,54
10735,64,35,60,46,73,50,69,44
10736,73,40,48,65,76,53,68,53
10737,65,33,55,59,74,33,65,69
10738,75,51,66,45,68,56,68,60
10739,77,62,66,64,65,64,92,64
10740,61,54,58,38,59,37,76,70
10741,67,94,84,65,74,46,67,58
10742,73,39,74,26,72,72,53,64
10743,74,66,54,45,62,62,75,48
10744,71,37,69,70,44,40,71,59
10745,68,44,67,52,70,33,84,74
10746,70,78,83,48,82,19,52,57
10747,61,42,58,54,81,64,65,56
10748,83,59,70,46,81,52,64,55
10749,68,47,45,42,77,29,89,32
10750,76,65,63,51,59,53,80,37
10751,72,43,67,48,67,39,72,57
10752,53,48,59,61,77,17,68,31
10753,62,31,47,62,67,66,64,28
10754,70,71,74,64,76,48,67,84
10755,54,60,59,65,53,47,65,68
10756,69,58,63,34,70,44,72,19
10757,78,49,72,34,69,49,59,50
10758,74,60,70,42,75,43,66,72
10759,69,66,59,57,77,49,73,80
10760,59,53,74,49,82,21,62,51
10761,86,69,50,33,81,41,77,64
10762,65,47,65,52,67,50,53,60
10763,69,27,75,51,67,17,73,37
10764,71,52,52,68,68,36,62,41
10765,60,39,55,55,73,71,50,74
10766,69,47,62,35,59,40,64,45
10767,59,63,48,29,84,14,63,67
10768,67,47,80,46,79,36,67,69
10769,81,53,56,43,65,45,53,46
10770,66,72,85,42,58,73,78,76
10771,72,48,41,57,73,16,38,39
10772,74,72,63,59,49,73,59,74
10773,53,67,68,70,81,43,66,66
10774,83,54,78,58,78,56,60,50
10775,83,52,87,65,76,65,77,56
10776,65,65,56,61,62,45,56,66
10777,69,40,73,40,61,43,81,46
10778,83,51,69,37,68,56,77,56
10779,66,80,84,40,69,31,68,76
10780,82,53,54,67,80,39,59,70
10781,79,41,63,44,68,40,64,61
10782,76,48,65,54,68,69,59,75
10783,69,47,63,48,74,41,52,78
10784,66,59,54,42,82,47,69,67
10785,72,33,64,50,67,42,56,48
10786,75,44,47,36,74,34,73,14
10787,75,62,68,64,59,40,71,57
10788,76,85,55,62,70,27,75,54
10789,75,48,60,49,80,39,70,75
10790,58,34,69,63,80,52,68,81
10791,62,65,60,58,57,40,63,62
10792,78,46,58,40,65,54,81,66
10793,83,61,85,51,83,41,67,56
10794,70,52,49,56,65,56,57,37
10795,77,53,73,64,66,49,65,48
10796,58,37,69,50,55,15,69,33
10797,57,58,58,21,74,35,71,86
10798,71,56,82,71,70,42,78,53
10799,69,24,54,35,72,26,76,97
10800,72,80,68,41,78,38,90,46
10801,84,22,66,44,91,49,71,38
10802,77,57,56,37,53,32,70,82
10803,79,84,49,43,90,56,65,33
10804,68,26,70,60,75,56,48,50
10805,61,44,60,30,73,44,57,44
10806,56,51,63,52,73,51,65,77
10807,60,37,54,54,77,26,86,59
10808,80,53,57,25,65,67,54,64
10809,83,21,72,47,62,47,88,68
10810,74,20,46,64,61,64,71,61
10811,78,35,57,50,73,57,62,58
10812,69,47,57,29,67,59,74,50
10813,57,63,74,39,65,38,56,69
10814,81,47,67,66,88,58,77,59
10815,50,58,49,38,64,21,55,40
10816,80,32,72,41,52,56,56,44
10817,76,61,65,15,75,50,80,70
10818,85,46,44,44,71,49,72,51
10819,75,41,86,70,67,11,64,49
10820,68,56,81,37,59,67,68,59
10821,65,77,65,65,73,39,87,56
10822,67,49,47,43,60,54,76,48
10823,64,50,49,40,80,36,40,43
10824,87,56,44,39,56,26,90,68
10825,68,27,60,38,69,46,63,63
10826,71,73,63,40,81,60,74,53
10827,71,59,70,34,69,34,60,54
10828,74,64,81,31,69,37,83,48
10829,79,53,46,45,79,56,54,56
10830,75,21,71,39,48,45,70,55
10831,79,42,51,57,81,36,61,56
10832,69,19,72,71,69,42,65,55
10833,65,49,67,52,78,48,71,63
10834,72,43,58,47,62,18,82,64
10835,70,39,52,31,69,55,75,66
10836,69,39,70,37,62,61,72,64
10837,78,33,57,64,73,36,64,46
10838,65,45,73,59,61,48,64,11
10839,66,29,73,55,73,30,73,82
10840,78,6,49,44,66,55,69,42
10841,76,56,69,34,82,63,52,43
10842,58,49,58,42,76,59,65,56
10843,74,69,59,39,66,57,63,52
10844,65,43,87,39,68,62,79,40
10845,75,59,76,39,77,39,71,57
10846,68,42,57,50,68,60,73,37
10847,66,59,47,77,62,42,91,30
10848,69,33,77,22,60,67,84,59
10849,61,62,63,49,68,66,65,64
10850,65,23,66,49,72,82,47,46
10851,63,62,76,41,62,54,79,52
10852,69,71,50,48,59,53,61,39
10853,66,57,55,44,70,53,73,66
10854,66,49,80,46,81,46,74,56
10855,62,63,58,30,81,39,64,41
10856,73,71,51,37,75,40,68,58
10857,63,38,70,57,80,74,56,32
10858,66,44,64,42,71,66,56,46
10859,54,48,65,41,75,30,69,52
10860,74,41,51,58,63,35,77,60
10861,61,61,73,49,88,32,54,64
10862,78,77,71,56,54,60,65,71
10863,85,86,81,40,53,43,78,70
10864,75,56,63,55,68,47,60,65
10865,62,59,54,60,73,54,67,50
10866,74,51,66,43,82,35,64,52
10867,61,67,71,66,81,72,55,62
10868,53,79,71,52,80,69,62,68
10869,66,55,52,45,67,46,66,61
10870,59,50,59,41,75,47,54,56
10871,68,15,57,54,74,27,72,57
10872,69,34,73,61,81,51,64,60
10873,69,50,74,51,65,56,81,34
10874,62,12,58,40,71,61,55,38
10875,74,44,53,68,72,53,80,51
10876,77,60,80,37,65,58,50,35
10877,86,43,58,47,67,59,67,65
10878,59,42,68,62,79,59,50,46
10879,65,28,59,41,66,25,52,71
10880,78,58,53,65,48,56,99,52
10881,67,58,64,61,57,32,62,26
10882,80,62,73,59,77,59,51,65
10883,85,75,45,36,70,52,64,34
10884,76,69,78,57,62,66,64,74
10885,76,55,57,38,54,32,70,58
10886,78,56,62,45,54,44,42,37
10887,58,58,60,38,70,27,56,33
10888,70,68,58,60,70,56,76,55
10889,72,52,56,51,70,45,74,62
10890,86,61,56,74,81,48,63,46
10891,55,69,53,30,78,45,68,41
10892,73,69,70,45,73,55,62,48
10893,77,61,70,49,60,55,71,45
10894,70,55,61,48,76,69,69,54
10895,70,56,100,40,61,44,79,61
10896,62,31,77,41,87,72,68,51
10897,87,45,68,43,75,62,80,57
10898,87,47,67,44,84,58,61,52
10899,69,67,64,50,71,38,72,75
10900,75,63,64,46,57,77,65,49
10901,76,65,55,36,84,44,59,57
10902,64,49,67,50,62,63,63,63
10903,65,54,58,31,91,61,84,63
10904,73,20,63,55,72,58,75,54
10905,70,58,62,81,71,60,63,41
10906,72,56,49,62,68,35,74,77
10907,65,42,84,75,56,73,69,32
10908,75,64,48,60,74,55,74,21
10909,71,46,68,84,69,28,61,56
10910,59,72,51,49,68,60,52,35
10911,72,29,74,21,80,74,59,56
10912,84,47,59,12,77,60,46,57
10913,75,43,73,33,71,39,85,56
10914,77,39,39,43,64,67,63,44
10915,67,59,48,59,68,40,64,38
10916,78,21,69,57,79,49,59,38
10917,93,72,64,27,68,25,75,52
10918,60,45,37,39,66,44,71,48
10919,65,52,59,32,70,55,54,63
10920,75,42,71,47,74,15,84,47
10921,69,39,54,62,71,42,50,63
10922,58,73,67,52,71,51,69,49
10923,71,27,73,57,71,59,80,55
10924,69,77,62,42,53,35,87,51
10925,68,37,67,34,52,41,40,31
10926,76,69,57,45,53,47,68,86
10927,73,34,42,53,62,56,63,67
10928,71,33,62,50,73,68,74,66
10929,74,68,49,28,57,59,76,61
10930,73,67,43,51,73,41,58,50
10931,82,38,61,76,68,52,57,55
10932,74,26,75,33,71,77,62,74
10933,58,40,58,43,64,40,77,35
10934,90,58,63,77,88,36,91,42
10935,81,54,71,19,70,47,74,49
10936,73,26,37,31,71,37,71,84
10937,70,15,53,51,73,21,65,46
10938,54,45,53,38,80,33,81,66
10939,57,66,76,68,58,36,65,50
10940,72,63,63,42,75,9,60,59
10941,63,62,63,56,70,67,66,66
10942,63,52,62,51,55,45,64,67
10943,89,36,73,84,70,71,69,38
10944,69,61,61,81,74,46,62,75
10945,60,21,63,72,74,45,75,31
10946,63,47,47,39,64,47,52,58
10947,71,63,42,38,77,7,74,53
10948,65,59,60,56,82,26,59,55
10949,56,36,59,57,70,35,58,49
10950,66,47,69,55,83,25,62,45
10951,68,36,63,35,63,56,57,40
10952,69,80,63,55,84,76,73,66
10953,60,31,68,64,70,61,69,74
10954,76,52,69,44,68,44,74,45
10955,84,40,86,45,60,52,63,50
10956,68,43,49,66,63,32,82,54
10957,66,44,63,40,64,57,50,50
10958,74,64,73,53,58,55,79,59
10959,77,51,61,59,66,66,79,64
10960,64,74,60,50,68,41,76,52
10961,78,60,61,50,71,37,61,62
10962,74,37,58,48,90,48,52,75
10963,69,13,66,54,52,40,61,71
10964,72,54,79,50,73,46,72,30
10965,82,12,47,25,70,27,77,18
10966,61,44,71,56,73,93,54,57
10967,76,48,53,48,48,18,74,64
10968,63,72,58,73,74,40,76,57
10969,59,56,76,20,80,41,79,71
10970,62,39,60,60,76,51,70,54
10971,68,33,47,45,59,33,63,54
10972,77,37,53,59,77,58,62,51
10973,82,49,61,65,42,61,83,72
10974,76,34,58,50,61,55,52,68
10975,78,8,64,57,86,39,83,66
10976,72,51,54,50,61,58,58,27
10977,71,65,72,49,73,47,66,36
10978,69,59,60,56,68,54,63,60
10979,58,48,68,62,69,20,69,43
10980,74,56,59,48,70,50,73,37
10981,56,71,84,38,71,20,65,56
10982,66,52,63,41,66,70,47,66
10983,72,24,65,45,50,30,69,62
10984,73,73,50,90,68,62,55,49
10985,74,45,55,30,72,54,76,37
10986,75,33,51,22,66,43,69,65
10987,73,31,65,72,79,36,76,67
10988,63,35,87,57,88,31,63,48
10989,80,65,52,42,91,50,63,75
10990,97,38,50,40,45,37,45,73
10991,62,68,52,28,62,44,59,54
10992,65,52,71,63,73,69,47,46
10993,67,62,52,65,65,41,68,63
10994,80,33,68,33,63,55,73,65
10995,81,44,63,35,70,50,75,62
10996,70,34,63,36,77,39,58,63
10997,74,36,63,28,63,29,48,62
10998,77,70,58,49,60,62,80,46
10999,61,51,62,30,56,67,51,72
11000,76,46,66,49,58,34,66,62
11001,69,48,53,45,74,56,52,57
11002,78,44,50,43,61,47,58,39
11003,68,16,53,53,72,43,57,50
11004,60,52,46,42,74,50,67,52
11005,53,58,45,78,72,22,69,40
11006,80,50,80,67,56,55,79,50
11007,72,51,74,56,78,36,66,59
11008,62,68,61,42,74,32,68,70
11009,61,26,72,29,66,64,73,44
11010,72,47,67,55,70,52,65,14
11011,61,57,48,52,77,74,76,24
11012,82,38,73,26,66,56,78,76
11013,68,48,39,44,66,54,67,48
11014,84,66,88,53,81,42,63,57
11015,83,73,71,41,62,57,56,57
11016,71,40,80,58,56,31,58,59
11017,64,52,69,65,75,51,66,72
11018,67,88,62,52,67,49,69,62
11019,75,66,71,45,57,50,43,61
11020,61,18,76,34,68,63,83,70
11021,71,43,82,30,78,46,66,53
11022,71,8,70,68,61,51,62,54
11023,82,34,82,32,72,53,74,57
11024,71,45,40,62,68,52,70,43
11025,75,50,85,33,70,46,65,48
11026,83,81,61,49,72,37,49,53
11027,75,39,66,51,74,62,84,64
11028,75,60,71,45,70,48,75,49
11029,73,55,71,77,74,71,65,54
11030,51,69,63,49,77,63,45,68
11031,66,66,55,67,85,42,70,74
11032,71,28,67,39,69,56,53,58
11033,63,55,60,30,69,52,65,66
11034,72,85,40,61,59,32,51,32
11035,68,32,72,64,72,72,59,55
11036,66,58,64,61,84,58,63,50
11037,48,53,50,42,53,59,49,26
11038,64,86,59,35,74,46,42,75
11039,72,76,66,41,66,53,80,34
11040,80,38,62,37,64,57,64,36
11041,77,35,53,45,62,44,65,60
11042,64,49,55,48,75,45,49,39
11043,88,44,66,31,66,37,67,42
11044,66,53,63,72,66,48,78,52
11045,62,55,77,55,58,35,71,65
11046,64,27,60,54,77,43,61,34
11047,75,43,66,38,73,37,52,80
11048,86,23,58,61,68,33,69,35
11049,77,58,53,55,75,81,60,47
11050,70,37,70,51,63,29,85,48
11051,76,30,79,69,79,55,76,59
11052,73,46,66,47,78,50,64,61
11053,63,34,58,64,69,55,59,22
11054,68,45,85,56,65,57,64,58
11055,73,57,47,57,74,64,63,38
11056,67,46,46,42,89,48,69,59
11057,65,60,51,31,69,48,69,69
11058,75,47,76,24,65,45,73,80
11059,74,83,60,46,69,29,61,69
11060,60,55,47,51,71,58,68,59
11061,69,50,61,58,67,50,65,62
11062,68,23,46,59,63,87,64,77
11063,64,42,68,60,53,41,57,44
11064,54,49,79,21,85,50,51,49
11065,70,25,43,49,66,53,56,52
11066,70,6,37,44,66,52,60,70
11067,82,48,58,59,76,71,56,23
11068,90,59,71,58,90,70,59,59
11069,76,73,52,62,83,45,72,53
11070,73,34,54,48,56,50,73,75
11071,58,29,77,60,65,56,66,47
11072,66,56,47,50,71,61,59,70
11073,65,47,60,60,74,79,34,79
11074,67,45,48,57,63,62,55,44
11075,78,68,64,63,74,49,65,50
11076,70,37,65,69,67,73,65,72
11077,67,9,54,49,64,47,71,38
11078,67,32,72,72,68,45,73,56
11079,73,49,78,46,68,61,66,71
11080,74,68,65,40,68,54,60,93
11081,55,43,72,60,58,28,87,52
11082,69,19,58,44,72,32,64,52
11083,67,55,66,41,54,49,57,20
11084,81,59,47,48,74,44,64,33
11085,78,51,66,27,68,49,67,63
11086,71,43,58,55,69,49,68,53
11087,60,51,77,56,74,24,67,52
11088,40,63,53,41,86,50,51,77
11089,51,53,70,45,64,56,81,66
11090,73,69,80,79,60,35,59,73
11091,67,57,71,25,87,43,82,61
11092,66,55,57,43,84,24,100,57
11093,67,39,70,34,60,46,76,42
11094,87,50,48,36,81,42,46,41
11095,54,52,72,70,57,59,70,87
11096,53,81,40,42,90,45,55,72
11097,74,60,58,54,57,55,69,46
11098,74,88,70,52,74,42,51,37
11099,70,31,67,49,65,52,59,49
11100,64,39,60,40,76,38,68,60
11101,73,54,68,52,68,44,87,51
11102,72,50,91,46,76,59,59,77
11103,84,21,78,36,72,53,85,50
11104,72,37,63,41,60,52,45,93
11105,69,42,52,35,72,35,41,40
11106,61,56,57,29,79,27,49,37
11107,56,16,74,71,67,51,60,36
11108,52,54,77,71,75,62,74,62
11109,65,71,53,41,54,41,59,77
11110,76,39,55,58,69,54,68,41
11111,68,40,74,29,74,50,51,59
11112,67,48,60,62,77,54,66,56
11113,80,41,51,51,70,52,65,50
11114,65,53,54,45,74,63,72,68
11115,59,32,86,50,70,25,69,70
11116,70,36,75,23,72,51,88,66
11117,70,24,57,51,67,55,93,10
11118,62,31,76,49,67,46,59,67
11119,62,25,76,63,78,24,70,52
11120,58,82,59,54,67,26,82,55
11121,65,85,73,47,59,47,73,48
11122,68,55,72,67,72,46,60,64
11123,77,44,66,62,70,52,79,41
11124,74,23,45,55,68,57,57,72
11125,79,45,57,39,59,48,75,65
11126,79,67,83,51,75,45,73,55
11127,79,78,75,44,66,28,75,51
11128,72,60,66,42,65,39,66,12
11129,74,86,73,60,85,44,42,48
11130,69,40,47,71,75,34,66,55
11131,77,42,61,58,72,66,76,54
11132,70,34,57,50,81,40,35,49
